         Login Name                    Login Domain                       Password       Primary Email
==================================================================================================================================
CUSTOMERS: 
  CHERY
         amanda                        customer.chery                     letmein        Amanda@customer.aetf
         amy                           customer.chery                     letmein        Amy@customer.aetf
         amy_b_palmer                  customer.chery                     letmein        Amy@customer.aetf
         barbara                       customer.chery                     letmein        Barbara@customer.aetf
         donna                         customer.chery                     letmein        Donna@customer.aetf
         donna_l_ross                  customer.chery                     letmein        Donna@customer.aetf
         greg                          customer.chery                     letmein        Greg@customer.aetf
         heather                       customer.chery                     letmein
         jessica                       customer.chery                     letmein        Jessica@customer.aetf
         john                          customer.chery                     letmein
         margaret                      customer.chery                     letmein        Margaret@customer.aetf
  
  FJORD
         amy                           customer.fjord                     letmein        Amy@customer.aetf
         diane                         customer.fjord                     letmein        Diane@customer.aetf
         heather                       customer.fjord                     letmein        Heather@customer.aetf
         lisa                          customer.fjord                     letmein        Lisa@customer.aetf
         sarah                         customer.fjord                     letmein
         steve                         customer.fjord                     letmein
         susan                         customer.fjord                     letmein        Susan@customer.aetf
  
  HINDA
         amanda                        customer.hinda                     letmein        Amanda@customer.aetf
         amy                           customer.hinda                     letmein        Amy@customer.aetf
         amy_a_marshall                customer.hinda                     letmein        Amy@customer.aetf
         amy_l_spencer                 customer.hinda                     letmein        Amy@customer.aetf
         brenda                        customer.hinda                     letmein        Brenda@customer.aetf
         carol                         customer.hinda                     letmein        Carol@customer.aetf
         chris                         customer.hinda                     letmein
         donna                         customer.hinda                     letmein        Donna@customer.aetf
         heather                       customer.hinda                     letmein        Heather@customer.aetf
         heather_roberts               customer.hinda                     letmein        Heather@customer.aetf
         jack                          customer.hinda                     letmein        Jack@customer.aetf
         john                          customer.hinda                     letmein        John@customer.aetf
         keith                         customer.hinda                     letmein        Keith@customer.aetf
         mark                          customer.hinda                     letmein        Mark@customer.aetf
         martha                        customer.hinda                     letmein        Martha@customer.aetf
         melissa                       customer.hinda                     letmein
         mike                          customer.hinda                     letmein        Mike@customer.aetf
         patrick                       customer.hinda                     letmein        Patrick@customer.aetf
         sarah                         customer.hinda                     letmein        Sarah@customer.aetf
  
  POTOMOC
         amanda                        customer.potomoc                   letmein        Amanda@customer.aetf
         amanda_hayes                  customer.potomoc                   letmein        Amanda@customer.aetf
         amy                           customer.potomoc                   letmein        Amy@customer.aetf
         amy_l_gray                    customer.potomoc                   letmein        Amy@customer.aetf
         diane                         customer.potomoc                   letmein
         janet                         customer.potomoc                   letmein        Janet@customer.aetf
         john                          customer.potomoc                   letmein        John@customer.aetf
         mike                          customer.potomoc                   letmein
         rebecca                       customer.potomoc                   letmein        Rebecca@customer.aetf
         sarah                         customer.potomoc                   letmein        Sarah@customer.aetf
         susan                         customer.potomoc                   letmein        Susan@customer.aetf
  
  SCUBAROO
         amy                           customer.scubaroo                  letmein        Amy@customer.aetf
         betty                         customer.scubaroo                  letmein        Betty@customer.aetf
         carol                         customer.scubaroo                  letmein        Carol@customer.aetf
         donald                        customer.scubaroo                  letmein
         heather                       customer.scubaroo                  letmein
         mary                          customer.scubaroo                  letmein        Mary@customer.aetf
         melissa                       customer.scubaroo                  letmein        Melissa@customer.aetf
  
  TOYOLA
         amy                           customer.toyola                    letmein        Amy@customer.aetf
         amy_roberts                   customer.toyola                    letmein        Amy@customer.aetf
         ann                           customer.toyola                    letmein
         betty                         customer.toyola                    letmein        Betty@customer.aetf
         carol                         customer.toyola                    letmein        Carol@customer.aetf
         diane                         customer.toyola                    letmein        Diane@customer.aetf
         evelyn                        customer.toyola                    letmein        Evelyn@customer.aetf
         helen                         customer.toyola                    letmein        Helen@customer.aetf
         julie                         customer.toyola                    letmein        Julie@customer.aetf
         robert                        customer.toyola                    letmein
         robert_l_gray                 customer.toyola                    letmein        Robert@customer.aetf
  
  
EMPLOYEES: 
  CHERY
    ADMIN
         amy_burns                     admin.employee.chery               letmein        Amy.Burns@rothcars.com.aetf
         betty_martinez                admin.employee.chery               letmein        Betty.Martinez@rothcars.com.aetf
         brenda_tucker                 admin.employee.chery               letmein        Brenda.Tucker@rothcars.com.aetf
         kelly_price                   admin.employee.chery               letmein        Kelly.Price@rothcars.com.aetf
         larry_barnes                  admin.employee.chery               letmein        Larry.Barnes@rothcars.com.aetf
         laura_baker                   admin.employee.chery               letmein        Laura.Baker@rothcars.com.aetf
         lisa_walker                   admin.employee.chery               letmein        Lisa.Walker@rothcars.com.aetf
         melissa_roberts               admin.employee.chery               letmein        Melissa.Roberts@rothcars.com.aetf
         nancy_miller                  admin.employee.chery               letmein        Nancy.Miller@rothcars.com.aetf
         patrick_rose                  admin.employee.chery               letmein        Patrick.Rose@rothcars.com.aetf
         robert_watson                 admin.employee.chery               letmein        Robert.Watson@rothcars.com.aetf
  
    FACTORY
         amy_wells                     factory.employee.chery             letmein        Amy.Wells@rothcars.com.aetf
         ann_tuner                     factory.employee.chery             letmein        Ann.Tuner@rothcars.com.aetf
         donna_hayes                   factory.employee.chery             letmein        Donna.Hayes@rothcars.com.aetf
         greg_johnson                  factory.employee.chery             letmein        Greg.Johnson@rothcars.com.aetf
         helen_shaw                    factory.employee.chery             letmein        Helen.Shaw@rothcars.com.aetf
         jessica_patterson             factory.employee.chery             letmein        Jessica.Patterson@rothcars.com.aetf
         mary_hughes                   factory.employee.chery             letmein        Mary.Hughes@rothcars.com.aetf
         paul_bennet                   factory.employee.chery             letmein        Paul.Bennet@rothcars.com.aetf
         rebecca_butler                factory.employee.chery             letmein        Rebecca.Butler@rothcars.com.aetf
         rebecca_smith                 factory.employee.chery             letmein        Rebecca.Smith@rothcars.com.aetf
         steve_simpson                 factory.employee.chery             letmein        Steve.Simpson@rothcars.com.aetf
  
    FIELD
         jessica_kennedy               field.employee.chery               letmein        Jessica.Kennedy@rothcars.com.aetf
         john_marshall                 field.employee.chery               letmein        John.Marshall@rothcars.com.aetf
         joyce_jones                   field.employee.chery               letmein        Joyce.Jones@rothcars.com.aetf
         joyce_martin                  field.employee.chery               letmein        Joyce.Martin@rothcars.com.aetf
         margaret_martinez             field.employee.chery               letmein        Margaret.Martinez@rothcars.com.aetf
         martha_rose                   field.employee.chery               letmein        Martha.Rose@rothcars.com.aetf
         mary_garcia                   field.employee.chery               letmein        Mary.Garcia@rothcars.com.aetf
         melissa_rose                  field.employee.chery               letmein        Melissa.Rose@rothcars.com.aetf
         richard_simpson               field.employee.chery               letmein        Richard.Simpson@rothcars.com.aetf
         robert_kelly                  field.employee.chery               letmein        Robert.Kelly@rothcars.com.aetf
         sarah_spencer                 field.employee.chery               letmein        Sarah.Spencer@rothcars.com.aetf
  
    FINANCE
         amy_simmons                   finance.employee.chery             letmein        Amy.Simmons@rothcars.com.aetf
         arthur_nelson                 finance.employee.chery             letmein        Arthur.Nelson@rothcars.com.aetf
         barbara_barnes                finance.employee.chery             letmein        Barbara.Barnes@rothcars.com.aetf
         diane_gray                    finance.employee.chery             letmein        Diane.Gray@rothcars.com.aetf
         donald_brooks                 finance.employee.chery             letmein        Donald.Brooks@rothcars.com.aetf
         julie_freeman                 finance.employee.chery             letmein        Julie.Freeman@rothcars.com.aetf
         justin_collins                finance.employee.chery             letmein        Justin.Collins@rothcars.com.aetf
         kelly_hughes                  finance.employee.chery             letmein        Kelly.Hughes@rothcars.com.aetf
         mary_holmes                   finance.employee.chery             letmein        Mary.Holmes@rothcars.com.aetf
         nancy_tucker                  finance.employee.chery             letmein        Nancy.Tucker@rothcars.com.aetf
         susan_perry                   finance.employee.chery             letmein        Susan.Perry@rothcars.com.aetf
  
    HR
         ann_lewis                     hr.employee.chery                  letmein        Ann.Lewis@rothcars.com.aetf
         betty_cooper                  hr.employee.chery                  letmein        Betty.Cooper@rothcars.com.aetf
         carl_ross                     hr.employee.chery                  letmein        Carl.Ross@rothcars.com.aetf
         carl_ward                     hr.employee.chery                  letmein        Carl.Ward@rothcars.com.aetf
         carol_cooper                  hr.employee.chery                  letmein        Carol.Cooper@rothcars.com.aetf
         carol_ford                    hr.employee.chery                  letmein        Carol.Ford@rothcars.com.aetf
         diane_collins                 hr.employee.chery                  letmein        Diane.Collins@rothcars.com.aetf
         kelly_sullivan                hr.employee.chery                  letmein        Kelly.Sullivan@rothcars.com.aetf
         linda_geller                  hr.employee.chery                  letmein        Linda.Geller@rothcars.com.aetf
         scott_anderson                hr.employee.chery                  letmein        Scott.Anderson@rothcars.com.aetf
         susan_wallace                 hr.employee.chery                  letmein        Susan.Wallace@rothcars.com.aetf
  
    SALES
         ann_torres                    sales.employee.chery               letmein        Ann.Torres@rothcars.com.aetf
         anthony_brooks                sales.employee.chery               letmein        Anthony.Brooks@rothcars.com.aetf
         donald_wells                  sales.employee.chery               letmein        Donald.Wells@rothcars.com.aetf
         heather_sanders               sales.employee.chery               letmein        Heather.Sanders@rothcars.com.aetf
         kelly_crawford                sales.employee.chery               letmein        Kelly.Crawford@rothcars.com.aetf
         linda_hayes                   sales.employee.chery               letmein        Linda.Hayes@rothcars.com.aetf
         margaret_hunt                 sales.employee.chery               letmein        Margaret.Hunt@rothcars.com.aetf
         martha_patterson              sales.employee.chery               letmein        Martha.Patterson@rothcars.com.aetf
         mike_simmons                  sales.employee.chery               letmein        Mike.Simmons@rothcars.com.aetf
         sarah_kelly                   sales.employee.chery               letmein        Sarah.Kelly@rothcars.com.aetf
         susan_sanders                 sales.employee.chery               letmein        Susan.Sanders@rothcars.com.aetf
  
    SUPPORT
         greg_smith                    support.employee.chery             letmein        Greg.Smith@rothcars.com.aetf
         heather_palmer                support.employee.chery             letmein        Heather.Palmer@rothcars.com.aetf
         jessica_kennedy               support.employee.chery             letmein        Jessica.Kennedy@rothcars.com.aetf
         jessica_robertson             support.employee.chery             letmein        Jessica.Robertson@rothcars.com.aetf
         joyce_long                    support.employee.chery             letmein        Joyce.Long@rothcars.com.aetf
         mary_hunt                     support.employee.chery             letmein        Mary.Hunt@rothcars.com.aetf
         rebecca_bennet                support.employee.chery             letmein        Rebecca.Bennet@rothcars.com.aetf
         robert_shaw                   support.employee.chery             letmein        Robert.Shaw@rothcars.com.aetf
         sarah_graham                  support.employee.chery             letmein        Sarah.Graham@rothcars.com.aetf
         steve_simpson                 support.employee.chery             letmein        Steve.Simpson@rothcars.com.aetf
         susan_geller                  support.employee.chery             letmein        Susan.Geller@rothcars.com.aetf
  
  
  FJORD
    ADMIN
         amanda_bennet                 admin.employee.fjord               letmein        Amanda.Bennet@merriweatherfieldsnowe.com.aetf
         amanda_stevens                admin.employee.fjord               letmein        Amanda.Stevens@merriweatherfieldsnowe.com.aetf
         diane_james                   admin.employee.fjord               letmein        Diane.James@merriweatherfieldsnowe.com.aetf
         evelyn_murphy                 admin.employee.fjord               letmein        Evelyn.Murphy@merriweatherfieldsnowe.com.aetf
         evelyn_stewart                admin.employee.fjord               letmein        Evelyn.Stewart@merriweatherfieldsnowe.com.aetf
         greg_jackson                  admin.employee.fjord               letmein        Greg.Jackson@merriweatherfieldsnowe.com.aetf
         heather_miller                admin.employee.fjord               letmein        Heather.Miller@merriweatherfieldsnowe.com.aetf
         joyce_gonzales                admin.employee.fjord               letmein        Joyce.Gonzales@merriweatherfieldsnowe.com.aetf
         keith_hunter                  admin.employee.fjord               letmein        Keith.Hunter@merriweatherfieldsnowe.com.aetf
         nancy_myers                   admin.employee.fjord               letmein        Nancy.Myers@merriweatherfieldsnowe.com.aetf
         paul_watson                   admin.employee.fjord               letmein        Paul.Watson@merriweatherfieldsnowe.com.aetf
  
    FACTORY
         amanda_pierce                 factory.employee.fjord             letmein        Amanda.Pierce@merriweatherfieldsnowe.com.aetf
         amy_jordan                    factory.employee.fjord             letmein        Amy.Jordan@merriweatherfieldsnowe.com.aetf
         donna_sullivan                factory.employee.fjord             letmein        Donna.Sullivan@merriweatherfieldsnowe.com.aetf
         frank_geller                  factory.employee.fjord             letmein        Frank.Geller@merriweatherfieldsnowe.com.aetf
         heather_roberts               factory.employee.fjord             letmein        Heather.Roberts@merriweatherfieldsnowe.com.aetf
         helen_burns                   factory.employee.fjord             letmein        Helen.Burns@merriweatherfieldsnowe.com.aetf
         jessica_shaw                  factory.employee.fjord             letmein        Jessica.Shaw@merriweatherfieldsnowe.com.aetf
         laura_ross                    factory.employee.fjord             letmein        Laura.Ross@merriweatherfieldsnowe.com.aetf
         paul_cox                      factory.employee.fjord             letmein        Paul.Cox@merriweatherfieldsnowe.com.aetf
         robert_miller                 factory.employee.fjord             letmein        Robert.Miller@merriweatherfieldsnowe.com.aetf
         susan_kelly                   factory.employee.fjord             letmein        Susan.Kelly@merriweatherfieldsnowe.com.aetf
  
    FIELD
         carl_cooper                   field.employee.fjord               letmein        Carl.Cooper@merriweatherfieldsnowe.com.aetf
         carol_brooks                  field.employee.fjord               letmein        Carol.Brooks@merriweatherfieldsnowe.com.aetf
         carol_hicks                   field.employee.fjord               letmein        Carol.Hicks@merriweatherfieldsnowe.com.aetf
         evelyn_price                  field.employee.fjord               letmein        Evelyn.Price@merriweatherfieldsnowe.com.aetf
         joyce_burns                   field.employee.fjord               letmein        Joyce.Burns@merriweatherfieldsnowe.com.aetf
         kelly_shaw                    field.employee.fjord               letmein        Kelly.Shaw@merriweatherfieldsnowe.com.aetf
         laura_sullivan                field.employee.fjord               letmein        Laura.Sullivan@merriweatherfieldsnowe.com.aetf
         lisa_roberts                  field.employee.fjord               letmein        Lisa.Roberts@merriweatherfieldsnowe.com.aetf
         mark_jackson                  field.employee.fjord               letmein        Mark.Jackson@merriweatherfieldsnowe.com.aetf
         scott_palmer                  field.employee.fjord               letmein        Scott.Palmer@merriweatherfieldsnowe.com.aetf
         susan_smith                   field.employee.fjord               letmein        Susan.Smith@merriweatherfieldsnowe.com.aetf
  
    FINANCE
         alice_myers                   finance.employee.fjord             letmein        Alice.Myers@merriweatherfieldsnowe.com.aetf
         carol_higgins                 finance.employee.fjord             letmein        Carol.Higgins@merriweatherfieldsnowe.com.aetf
         diane_rose                    finance.employee.fjord             letmein        Diane.Rose@merriweatherfieldsnowe.com.aetf
         donna_torres                  finance.employee.fjord             letmein        Donna.Torres@merriweatherfieldsnowe.com.aetf
         janet_myers                   finance.employee.fjord             letmein        Janet.Myers@merriweatherfieldsnowe.com.aetf
         joe_james                     finance.employee.fjord             letmein        Joe.James@merriweatherfieldsnowe.com.aetf
         julie_ward                    finance.employee.fjord             letmein        Julie.Ward@merriweatherfieldsnowe.com.aetf
         keith_hunter                  finance.employee.fjord             letmein        Keith.Hunter@merriweatherfieldsnowe.com.aetf
         laura_kennedy                 finance.employee.fjord             letmein        Laura.Kennedy@merriweatherfieldsnowe.com.aetf
         paul_cox                      finance.employee.fjord             letmein        Paul.Cox@merriweatherfieldsnowe.com.aetf
         sarah_lewis                   finance.employee.fjord             letmein        Sarah.Lewis@merriweatherfieldsnowe.com.aetf
  
    HR
         anthony_bennet                hr.employee.fjord                  letmein        Anthony.Bennet@merriweatherfieldsnowe.com.aetf
         brenda_pierce                 hr.employee.fjord                  letmein        Brenda.Pierce@merriweatherfieldsnowe.com.aetf
         brenda_reynolds               hr.employee.fjord                  letmein        Brenda.Reynolds@merriweatherfieldsnowe.com.aetf
         david_webbs                   hr.employee.fjord                  letmein        David.Webbs@merriweatherfieldsnowe.com.aetf
         donna_baker                   hr.employee.fjord                  letmein        Donna.Baker@merriweatherfieldsnowe.com.aetf
         julie_nelson                  hr.employee.fjord                  letmein        Julie.Nelson@merriweatherfieldsnowe.com.aetf
         kelly_wagner                  hr.employee.fjord                  letmein        Kelly.Wagner@merriweatherfieldsnowe.com.aetf
         margaret_butler               hr.employee.fjord                  letmein        Margaret.Butler@merriweatherfieldsnowe.com.aetf
         peter_wood                    hr.employee.fjord                  letmein        Peter.Wood@merriweatherfieldsnowe.com.aetf
         sarah_sanders                 hr.employee.fjord                  letmein        Sarah.Sanders@merriweatherfieldsnowe.com.aetf
         susan_ross                    hr.employee.fjord                  letmein        Susan.Ross@merriweatherfieldsnowe.com.aetf
  
    SALES
         alice_holmes                  sales.employee.fjord               letmein        Alice.Holmes@merriweatherfieldsnowe.com.aetf
         ann_graham                    sales.employee.fjord               letmein        Ann.Graham@merriweatherfieldsnowe.com.aetf
         frank_coleman                 sales.employee.fjord               letmein        Frank.Coleman@merriweatherfieldsnowe.com.aetf
         heather_coleman               sales.employee.fjord               letmein        Heather.Coleman@merriweatherfieldsnowe.com.aetf
         john_webbs                    sales.employee.fjord               letmein        John.Webbs@merriweatherfieldsnowe.com.aetf
         kelly_barnes                  sales.employee.fjord               letmein        Kelly.Barnes@merriweatherfieldsnowe.com.aetf
         laura_torres                  sales.employee.fjord               letmein        Laura.Torres@merriweatherfieldsnowe.com.aetf
         lisa_stewart                  sales.employee.fjord               letmein        Lisa.Stewart@merriweatherfieldsnowe.com.aetf
         margaret_flores               sales.employee.fjord               letmein        Margaret.Flores@merriweatherfieldsnowe.com.aetf
         martha_long                   sales.employee.fjord               letmein        Martha.Long@merriweatherfieldsnowe.com.aetf
         scott_murphy                  sales.employee.fjord               letmein        Scott.Murphy@merriweatherfieldsnowe.com.aetf
  
    SUPPORT
         alice_rose                    support.employee.fjord             letmein        Alice.Rose@merriweatherfieldsnowe.com.aetf
         amy_ford                      support.employee.fjord             letmein        Amy.Ford@merriweatherfieldsnowe.com.aetf
         brenda_alexander              support.employee.fjord             letmein        Brenda.Alexander@merriweatherfieldsnowe.com.aetf
         eric_evans                    support.employee.fjord             letmein        Eric.Evans@merriweatherfieldsnowe.com.aetf
         jessica_wagner                support.employee.fjord             letmein        Jessica.Wagner@merriweatherfieldsnowe.com.aetf
         laura_hunt                    support.employee.fjord             letmein        Laura.Hunt@merriweatherfieldsnowe.com.aetf
         linda_parker                  support.employee.fjord             letmein        Linda.Parker@merriweatherfieldsnowe.com.aetf
         peter_miller                  support.employee.fjord             letmein        Peter.Miller@merriweatherfieldsnowe.com.aetf
         rebecca_robinson              support.employee.fjord             letmein        Rebecca.Robinson@merriweatherfieldsnowe.com.aetf
         sarah_ramirez                 support.employee.fjord             letmein        Sarah.Ramirez@merriweatherfieldsnowe.com.aetf
         thomas_jackson                support.employee.fjord             letmein        Thomas.Jackson@merriweatherfieldsnowe.com.aetf
  
  
  HINDA
    ADMIN
         barbara_cox                   admin.employee.hinda               letmein        Barbara.Cox@stillerinc.com.aetf
         brenda_hayes                  admin.employee.hinda               letmein        Brenda.Hayes@stillerinc.com.aetf
         diane_kennedy                 admin.employee.hinda               letmein        Diane.Kennedy@stillerinc.com.aetf
         john_bing                     admin.employee.hinda               letmein        John.Bing@stillerinc.com.aetf
         margaret_long                 admin.employee.hinda               letmein        Margaret.Long@stillerinc.com.aetf
         mary_hunt                     admin.employee.hinda               letmein        Mary.Hunt@stillerinc.com.aetf
         melissa_black                 admin.employee.hinda               letmein        Melissa.Black@stillerinc.com.aetf
         melissa_murphy                admin.employee.hinda               letmein        Melissa.Murphy@stillerinc.com.aetf
         nancy_powell                  admin.employee.hinda               letmein        Nancy.Powell@stillerinc.com.aetf
         steve_myers                   admin.employee.hinda               letmein        Steve.Myers@stillerinc.com.aetf
         thomas_hughes                 admin.employee.hinda               letmein        Thomas.Hughes@stillerinc.com.aetf
  
    FACTORY
         alice_collins                 factory.employee.hinda             letmein        Alice.Collins@stillerinc.com.aetf
         alice_lewis                   factory.employee.hinda             letmein        Alice.Lewis@stillerinc.com.aetf
         ann_price                     factory.employee.hinda             letmein        Ann.Price@stillerinc.com.aetf
         greg_murphy                   factory.employee.hinda             letmein        Greg.Murphy@stillerinc.com.aetf
         jessica_palmer                factory.employee.hinda             letmein        Jessica.Palmer@stillerinc.com.aetf
         joyce_sullivan                factory.employee.hinda             letmein        Joyce.Sullivan@stillerinc.com.aetf
         kelly_ross                    factory.employee.hinda             letmein        Kelly.Ross@stillerinc.com.aetf
         linda_marshall                factory.employee.hinda             letmein        Linda.Marshall@stillerinc.com.aetf
         mark_stewart                  factory.employee.hinda             letmein        Mark.Stewart@stillerinc.com.aetf
         mary_cooper                   factory.employee.hinda             letmein        Mary.Cooper@stillerinc.com.aetf
         thomas_sullivan               factory.employee.hinda             letmein        Thomas.Sullivan@stillerinc.com.aetf
  
    FIELD
         amanda_taylor                 field.employee.hinda               letmein        Amanda.Taylor@stillerinc.com.aetf
         arthur_patterson              field.employee.hinda               letmein        Arthur.Patterson@stillerinc.com.aetf
         arthur_shaw                   field.employee.hinda               letmein        Arthur.Shaw@stillerinc.com.aetf
         carol_long                    field.employee.hinda               letmein        Carol.Long@stillerinc.com.aetf
         donna_parker                  field.employee.hinda               letmein        Donna.Parker@stillerinc.com.aetf
         eric_spencer                  field.employee.hinda               letmein        Eric.Spencer@stillerinc.com.aetf
         heather_hunt                  field.employee.hinda               letmein        Heather.Hunt@stillerinc.com.aetf
         jessica_graham                field.employee.hinda               letmein        Jessica.Graham@stillerinc.com.aetf
         julie_lee                     field.employee.hinda               letmein        Julie.Lee@stillerinc.com.aetf
         linda_washington              field.employee.hinda               letmein        Linda.Washington@stillerinc.com.aetf
         sarah_smith                   field.employee.hinda               letmein        Sarah.Smith@stillerinc.com.aetf
  
    FINANCE
         alice_gant                    finance.employee.hinda             letmein        Alice.Gant@stillerinc.com.aetf
         ann_walker                    finance.employee.hinda             letmein        Ann.Walker@stillerinc.com.aetf
         donna_ross                    finance.employee.hinda             letmein        Donna.Ross@stillerinc.com.aetf
         evelyn_peterson               finance.employee.hinda             letmein        Evelyn.Peterson@stillerinc.com.aetf
         heather_kelly                 finance.employee.hinda             letmein        Heather.Kelly@stillerinc.com.aetf
         helen_pierce                  finance.employee.hinda             letmein        Helen.Pierce@stillerinc.com.aetf
         john_baker                    finance.employee.hinda             letmein        John.Baker@stillerinc.com.aetf
         john_lee                      finance.employee.hinda             letmein        John.Lee@stillerinc.com.aetf
         larry_anderson                finance.employee.hinda             letmein        Larry.Anderson@stillerinc.com.aetf
         laura_long                    finance.employee.hinda             letmein        Laura.Long@stillerinc.com.aetf
         martha_miller                 finance.employee.hinda             letmein        Martha.Miller@stillerinc.com.aetf
  
    HR
         amy_wagner                    hr.employee.hinda                  letmein        Amy.Wagner@stillerinc.com.aetf
         ann_hunt                      hr.employee.hinda                  letmein        Ann.Hunt@stillerinc.com.aetf
         anthony_jackson               hr.employee.hinda                  letmein        Anthony.Jackson@stillerinc.com.aetf
         barbara_sanders               hr.employee.hinda                  letmein        Barbara.Sanders@stillerinc.com.aetf
         carol_burns                   hr.employee.hinda                  letmein        Carol.Burns@stillerinc.com.aetf
         joe_burns                     hr.employee.hinda                  letmein        Joe.Burns@stillerinc.com.aetf
         joyce_howard                  hr.employee.hinda                  letmein        Joyce.Howard@stillerinc.com.aetf
         kelly_perry                   hr.employee.hinda                  letmein        Kelly.Perry@stillerinc.com.aetf
         lisa_higgins                  hr.employee.hinda                  letmein        Lisa.Higgins@stillerinc.com.aetf
         mike_bennet                   hr.employee.hinda                  letmein        Mike.Bennet@stillerinc.com.aetf
         nancy_garcia                  hr.employee.hinda                  letmein        Nancy.Garcia@stillerinc.com.aetf
  
    SALES
         amanda_woods                  sales.employee.hinda               letmein        Amanda.Woods@stillerinc.com.aetf
         diane_jordan                  sales.employee.hinda               letmein        Diane.Jordan@stillerinc.com.aetf
         diane_robinson                sales.employee.hinda               letmein        Diane.Robinson@stillerinc.com.aetf
         evelyn_lewis                  sales.employee.hinda               letmein        Evelyn.Lewis@stillerinc.com.aetf
         janet_carter                  sales.employee.hinda               letmein        Janet.Carter@stillerinc.com.aetf
         john_barnes                   sales.employee.hinda               letmein        John.Barnes@stillerinc.com.aetf
         joyce_graham                  sales.employee.hinda               letmein        Joyce.Graham@stillerinc.com.aetf
         laura_murphy                  sales.employee.hinda               letmein        Laura.Murphy@stillerinc.com.aetf
         rebecca_ramirez               sales.employee.hinda               letmein        Rebecca.Ramirez@stillerinc.com.aetf
         richard_lewis                 sales.employee.hinda               letmein        Richard.Lewis@stillerinc.com.aetf
         robert_black                  sales.employee.hinda               letmein        Robert.Black@stillerinc.com.aetf
  
    SUPPORT
         alice_moore                   support.employee.hinda             letmein        Alice.Moore@stillerinc.com.aetf
         amanda_burns                  support.employee.hinda             letmein        Amanda.Burns@stillerinc.com.aetf
         ann_sullivan                  support.employee.hinda             letmein        Ann.Sullivan@stillerinc.com.aetf
         carol_martin                  support.employee.hinda             letmein        Carol.Martin@stillerinc.com.aetf
         david_reynolds                support.employee.hinda             letmein        David.Reynolds@stillerinc.com.aetf
         evelyn_ross                   support.employee.hinda             letmein        Evelyn.Ross@stillerinc.com.aetf
         frank_martinez                support.employee.hinda             letmein        Frank.Martinez@stillerinc.com.aetf
         lisa_baker                    support.employee.hinda             letmein        Lisa.Baker@stillerinc.com.aetf
         melissa_wood                  support.employee.hinda             letmein        Melissa.Wood@stillerinc.com.aetf
         paul_sullivan                 support.employee.hinda             letmein        Paul.Sullivan@stillerinc.com.aetf
         susan_kennedy                 support.employee.hinda             letmein        Susan.Kennedy@stillerinc.com.aetf
  
  
  MOTORGROUPEAST
    ADMIN
         amy_ross                      admin.employee.motorgroupeast      letmein        Amy.Ross@motorgroupeast.com.aetf
         barbara_butler                admin.employee.motorgroupeast      letmein        Barbara.Butler@motorgroupeast.com.aetf
         david_hamilton                admin.employee.motorgroupeast      letmein        David.Hamilton@motorgroupeast.com.aetf
         donna_peterson                admin.employee.motorgroupeast      letmein        Donna.Peterson@motorgroupeast.com.aetf
         heather_nelson                admin.employee.motorgroupeast      letmein        Heather.Nelson@motorgroupeast.com.aetf
         jessica_alexander             admin.employee.motorgroupeast      letmein        Jessica.Alexander@motorgroupeast.com.aetf
         lisa_sanders                  admin.employee.motorgroupeast      letmein        Lisa.Sanders@motorgroupeast.com.aetf
         martha_bennet                 admin.employee.motorgroupeast      letmein        Martha.Bennet@motorgroupeast.com.aetf
         rebecca_jordan                admin.employee.motorgroupeast      letmein        Rebecca.Jordan@motorgroupeast.com.aetf
         richard_howard                admin.employee.motorgroupeast      letmein        Richard.Howard@motorgroupeast.com.aetf
         robert_sullivan               admin.employee.motorgroupeast      letmein        Robert.Sullivan@motorgroupeast.com.aetf
  
    FACTORY
         david_martinez                factory.employee.motorgroupeast    letmein        David.Martinez@motorgroupeast.com.aetf
         helen_alexander               factory.employee.motorgroupeast    letmein        Helen.Alexander@motorgroupeast.com.aetf
         helen_johnson                 factory.employee.motorgroupeast    letmein        Helen.Johnson@motorgroupeast.com.aetf
         janet_james                   factory.employee.motorgroupeast    letmein        Janet.James@motorgroupeast.com.aetf
         john_woods                    factory.employee.motorgroupeast    letmein        John.Woods@motorgroupeast.com.aetf
         joyce_nelson                  factory.employee.motorgroupeast    letmein        Joyce.Nelson@motorgroupeast.com.aetf
         laura_bennet                  factory.employee.motorgroupeast    letmein        Laura.Bennet@motorgroupeast.com.aetf
         laura_martin                  factory.employee.motorgroupeast    letmein        Laura.Martin@motorgroupeast.com.aetf
         margaret_alexander            factory.employee.motorgroupeast    letmein        Margaret.Alexander@motorgroupeast.com.aetf
         steve_murphy                  factory.employee.motorgroupeast    letmein        Steve.Murphy@motorgroupeast.com.aetf
         susan_hughes                  factory.employee.motorgroupeast    letmein        Susan.Hughes@motorgroupeast.com.aetf
  
    FIELD
         diane_stewart                 field.employee.motorgroupeast      letmein        Diane.Stewart@motorgroupeast.com.aetf
         greg_hayes                    field.employee.motorgroupeast      letmein        Greg.Hayes@motorgroupeast.com.aetf
         helen_bing                    field.employee.motorgroupeast      letmein        Helen.Bing@motorgroupeast.com.aetf
         helen_patterson               field.employee.motorgroupeast      letmein        Helen.Patterson@motorgroupeast.com.aetf
         joe_harris                    field.employee.motorgroupeast      letmein        Joe.Harris@motorgroupeast.com.aetf
         larry_watson                  field.employee.motorgroupeast      letmein        Larry.Watson@motorgroupeast.com.aetf
         lisa_myers                    field.employee.motorgroupeast      letmein        Lisa.Myers@motorgroupeast.com.aetf
         mary_kennedy                  field.employee.motorgroupeast      letmein        Mary.Kennedy@motorgroupeast.com.aetf
         sarah_freeman                 field.employee.motorgroupeast      letmein        Sarah.Freeman@motorgroupeast.com.aetf
         susan_hayes                   field.employee.motorgroupeast      letmein        Susan.Hayes@motorgroupeast.com.aetf
         susan_jackson                 field.employee.motorgroupeast      letmein        Susan.Jackson@motorgroupeast.com.aetf
  
    FINANCE
         arthur_gant                   finance.employee.motorgroupeast    letmein        Arthur.Gant@motorgroupeast.com.aetf
         evelyn_palmer                 finance.employee.motorgroupeast    letmein        Evelyn.Palmer@motorgroupeast.com.aetf
         janet_watson                  finance.employee.motorgroupeast    letmein        Janet.Watson@motorgroupeast.com.aetf
         john_evans                    finance.employee.motorgroupeast    letmein        John.Evans@motorgroupeast.com.aetf
         laura_geller                  finance.employee.motorgroupeast    letmein        Laura.Geller@motorgroupeast.com.aetf
         linda_torres                  finance.employee.motorgroupeast    letmein        Linda.Torres@motorgroupeast.com.aetf
         margaret_simmons              finance.employee.motorgroupeast    letmein        Margaret.Simmons@motorgroupeast.com.aetf
         mary_kelly                    finance.employee.motorgroupeast    letmein        Mary.Kelly@motorgroupeast.com.aetf
         mary_richardson               finance.employee.motorgroupeast    letmein        Mary.Richardson@motorgroupeast.com.aetf
         rebecca_hayes                 finance.employee.motorgroupeast    letmein        Rebecca.Hayes@motorgroupeast.com.aetf
         steve_webbs                   finance.employee.motorgroupeast    letmein        Steve.Webbs@motorgroupeast.com.aetf
  
    HR
         betty_freeman                 hr.employee.motorgroupeast         letmein        Betty.Freeman@motorgroupeast.com.aetf
         donna_kennedy                 hr.employee.motorgroupeast         letmein        Donna.Kennedy@motorgroupeast.com.aetf
         evelyn_hayes                  hr.employee.motorgroupeast         letmein        Evelyn.Hayes@motorgroupeast.com.aetf
         helen_harris                  hr.employee.motorgroupeast         letmein        Helen.Harris@motorgroupeast.com.aetf
         joyce_holmes                  hr.employee.motorgroupeast         letmein        Joyce.Holmes@motorgroupeast.com.aetf
         julie_higgins                 hr.employee.motorgroupeast         letmein        Julie.Higgins@motorgroupeast.com.aetf
         mark_carter                   hr.employee.motorgroupeast         letmein        Mark.Carter@motorgroupeast.com.aetf
         mary_wood                     hr.employee.motorgroupeast         letmein        Mary.Wood@motorgroupeast.com.aetf
         sarah_freeman                 hr.employee.motorgroupeast         letmein        Sarah.Freeman@motorgroupeast.com.aetf
         steve_jackson                 hr.employee.motorgroupeast         letmein        Steve.Jackson@motorgroupeast.com.aetf
         thomas_james                  hr.employee.motorgroupeast         letmein        Thomas.James@motorgroupeast.com.aetf
  
    SALES
         alice_moore                   sales.employee.motorgroupeast      letmein        Alice.Moore@motorgroupeast.com.aetf
         barbara_stewart               sales.employee.motorgroupeast      letmein        Barbara.Stewart@motorgroupeast.com.aetf
         donna_stewart                 sales.employee.motorgroupeast      letmein        Donna.Stewart@motorgroupeast.com.aetf
         joyce_lewis                   sales.employee.motorgroupeast      letmein        Joyce.Lewis@motorgroupeast.com.aetf
         margaret_ramirez              sales.employee.motorgroupeast      letmein        Margaret.Ramirez@motorgroupeast.com.aetf
         melissa_anderson              sales.employee.motorgroupeast      letmein        Melissa.Anderson@motorgroupeast.com.aetf
         melissa_johnson               sales.employee.motorgroupeast      letmein        Melissa.Johnson@motorgroupeast.com.aetf
         patrick_baker                 sales.employee.motorgroupeast      letmein        Patrick.Baker@motorgroupeast.com.aetf
         paul_coleman                  sales.employee.motorgroupeast      letmein        Paul.Coleman@motorgroupeast.com.aetf
         peter_hicks                   sales.employee.motorgroupeast      letmein        Peter.Hicks@motorgroupeast.com.aetf
         susan_flores                  sales.employee.motorgroupeast      letmein        Susan.Flores@motorgroupeast.com.aetf
  
    SUPPORT
         alice_bing                    support.employee.motorgroupeast    letmein        Alice.Bing@motorgroupeast.com.aetf
         barbara_jenkins               support.employee.motorgroupeast    letmein        Barbara.Jenkins@motorgroupeast.com.aetf
         david_hayes                   support.employee.motorgroupeast    letmein        David.Hayes@motorgroupeast.com.aetf
         janet_harris                  support.employee.motorgroupeast    letmein        Janet.Harris@motorgroupeast.com.aetf
         john_hunt                     support.employee.motorgroupeast    letmein        John.Hunt@motorgroupeast.com.aetf
         linda_baker                   support.employee.motorgroupeast    letmein        Linda.Baker@motorgroupeast.com.aetf
         martha_foster                 support.employee.motorgroupeast    letmein        Martha.Foster@motorgroupeast.com.aetf
         nancy_carter                  support.employee.motorgroupeast    letmein        Nancy.Carter@motorgroupeast.com.aetf
         rebecca_jackson               support.employee.motorgroupeast    letmein        Rebecca.Jackson@motorgroupeast.com.aetf
         robert_nelson                 support.employee.motorgroupeast    letmein        Robert.Nelson@motorgroupeast.com.aetf
         susan_sullivan                support.employee.motorgroupeast    letmein        Susan.Sullivan@motorgroupeast.com.aetf
  
  
  POTOMOC
    ADMIN
         amanda_gonzales               admin.employee.potomoc             letmein        Amanda.Gonzales@rothcars.com.aetf
         amy_palmer                    admin.employee.potomoc             letmein        Amy.Palmer@rothcars.com.aetf
         carol_bing                    admin.employee.potomoc             letmein        Carol.Bing@rothcars.com.aetf
         eric_cooper                   admin.employee.potomoc             letmein        Eric.Cooper@rothcars.com.aetf
         evelyn_henderson              admin.employee.potomoc             letmein        Evelyn.Henderson@rothcars.com.aetf
         keith_marshall                admin.employee.potomoc             letmein        Keith.Marshall@rothcars.com.aetf
         martha_evans                  admin.employee.potomoc             letmein        Martha.Evans@rothcars.com.aetf
         melissa_powell                admin.employee.potomoc             letmein        Melissa.Powell@rothcars.com.aetf
         melissa_roberts               admin.employee.potomoc             letmein        Melissa.Roberts@rothcars.com.aetf
         robert_jackson                admin.employee.potomoc             letmein        Robert.Jackson@rothcars.com.aetf
         sarah_hamilton                admin.employee.potomoc             letmein        Sarah.Hamilton@rothcars.com.aetf
  
    FACTORY
         alice_evans                   factory.employee.potomoc           letmein        Alice.Evans@rothcars.com.aetf
         amanda_simpson                factory.employee.potomoc           letmein        Amanda.Simpson@rothcars.com.aetf
         brenda_crawford               factory.employee.potomoc           letmein        Brenda.Crawford@rothcars.com.aetf
         eric_anderson                 factory.employee.potomoc           letmein        Eric.Anderson@rothcars.com.aetf
         justin_perry                  factory.employee.potomoc           letmein        Justin.Perry@rothcars.com.aetf
         margaret_sullivan             factory.employee.potomoc           letmein        Margaret.Sullivan@rothcars.com.aetf
         mary_ford                     factory.employee.potomoc           letmein        Mary.Ford@rothcars.com.aetf
         mary_sullivan                 factory.employee.potomoc           letmein        Mary.Sullivan@rothcars.com.aetf
         richard_ramirez               factory.employee.potomoc           letmein        Richard.Ramirez@rothcars.com.aetf
         susan_bennet                  factory.employee.potomoc           letmein        Susan.Bennet@rothcars.com.aetf
         susan_woods                   factory.employee.potomoc           letmein        Susan.Woods@rothcars.com.aetf
  
    FIELD
         amanda_perry                  field.employee.potomoc             letmein        Amanda.Perry@rothcars.com.aetf
         ann_jackson                   field.employee.potomoc             letmein        Ann.Jackson@rothcars.com.aetf
         betty_spencer                 field.employee.potomoc             letmein        Betty.Spencer@rothcars.com.aetf
         diane_torres                  field.employee.potomoc             letmein        Diane.Torres@rothcars.com.aetf
         donna_wallace                 field.employee.potomoc             letmein        Donna.Wallace@rothcars.com.aetf
         heather_stewart               field.employee.potomoc             letmein        Heather.Stewart@rothcars.com.aetf
         laura_lee                     field.employee.potomoc             letmein        Laura.Lee@rothcars.com.aetf
         mark_ford                     field.employee.potomoc             letmein        Mark.Ford@rothcars.com.aetf
         melissa_jackson               field.employee.potomoc             letmein        Melissa.Jackson@rothcars.com.aetf
         paul_harris                   field.employee.potomoc             letmein        Paul.Harris@rothcars.com.aetf
         paul_reynolds                 field.employee.potomoc             letmein        Paul.Reynolds@rothcars.com.aetf
  
    FINANCE
         ann_black                     finance.employee.potomoc           letmein        Ann.Black@rothcars.com.aetf
         ann_ramirez                   finance.employee.potomoc           letmein        Ann.Ramirez@rothcars.com.aetf
         carol_johnson                 finance.employee.potomoc           letmein        Carol.Johnson@rothcars.com.aetf
         greg_murphy                   finance.employee.potomoc           letmein        Greg.Murphy@rothcars.com.aetf
         greg_wallace                  finance.employee.potomoc           letmein        Greg.Wallace@rothcars.com.aetf
         helen_baker                   finance.employee.potomoc           letmein        Helen.Baker@rothcars.com.aetf
         jessica_gray                  finance.employee.potomoc           letmein        Jessica.Gray@rothcars.com.aetf
         linda_wallace                 finance.employee.potomoc           letmein        Linda.Wallace@rothcars.com.aetf
         margaret_webbs                finance.employee.potomoc           letmein        Margaret.Webbs@rothcars.com.aetf
         melissa_powell                finance.employee.potomoc           letmein        Melissa.Powell@rothcars.com.aetf
         robert_long                   finance.employee.potomoc           letmein        Robert.Long@rothcars.com.aetf
  
    HR
         amy_barnes                    hr.employee.potomoc                letmein        Amy.Barnes@rothcars.com.aetf
         anthony_stevens               hr.employee.potomoc                letmein        Anthony.Stevens@rothcars.com.aetf
         barbara_jordan                hr.employee.potomoc                letmein        Barbara.Jordan@rothcars.com.aetf
         brenda_jordan                 hr.employee.potomoc                letmein        Brenda.Jordan@rothcars.com.aetf
         margaret_ford                 hr.employee.potomoc                letmein        Margaret.Ford@rothcars.com.aetf
         margaret_ramirez              hr.employee.potomoc                letmein        Margaret.Ramirez@rothcars.com.aetf
         mark_shaw                     hr.employee.potomoc                letmein        Mark.Shaw@rothcars.com.aetf
         rebecca_alexander             hr.employee.potomoc                letmein        Rebecca.Alexander@rothcars.com.aetf
         rebecca_porter                hr.employee.potomoc                letmein        Rebecca.Porter@rothcars.com.aetf
         sarah_martinez                hr.employee.potomoc                letmein        Sarah.Martinez@rothcars.com.aetf
         steve_johnson                 hr.employee.potomoc                letmein        Steve.Johnson@rothcars.com.aetf
  
    SALES
         amanda_foster                 sales.employee.potomoc             letmein        Amanda.Foster@rothcars.com.aetf
         carl_tuner                    sales.employee.potomoc             letmein        Carl.Tuner@rothcars.com.aetf
         donna_gray                    sales.employee.potomoc             letmein        Donna.Gray@rothcars.com.aetf
         heather_martinez              sales.employee.potomoc             letmein        Heather.Martinez@rothcars.com.aetf
         janet_wallace                 sales.employee.potomoc             letmein        Janet.Wallace@rothcars.com.aetf
         joe_evans                     sales.employee.potomoc             letmein        Joe.Evans@rothcars.com.aetf
         kelly_martinez                sales.employee.potomoc             letmein        Kelly.Martinez@rothcars.com.aetf
         lisa_johnson                  sales.employee.potomoc             letmein        Lisa.Johnson@rothcars.com.aetf
         mary_simmons                  sales.employee.potomoc             letmein        Mary.Simmons@rothcars.com.aetf
         nancy_shaw                    sales.employee.potomoc             letmein        Nancy.Shaw@rothcars.com.aetf
         richard_carter                sales.employee.potomoc             letmein        Richard.Carter@rothcars.com.aetf
  
    SUPPORT
         alice_myers                   support.employee.potomoc           letmein        Alice.Myers@rothcars.com.aetf
         amanda_freeman                support.employee.potomoc           letmein        Amanda.Freeman@rothcars.com.aetf
         arthur_bennet                 support.employee.potomoc           letmein        Arthur.Bennet@rothcars.com.aetf
         barbara_martin                support.employee.potomoc           letmein        Barbara.Martin@rothcars.com.aetf
         diane_gonzales                support.employee.potomoc           letmein        Diane.Gonzales@rothcars.com.aetf
         diane_shaw                    support.employee.potomoc           letmein        Diane.Shaw@rothcars.com.aetf
         heather_gray                  support.employee.potomoc           letmein        Heather.Gray@rothcars.com.aetf
         melissa_gant                  support.employee.potomoc           letmein        Melissa.Gant@rothcars.com.aetf
         patrick_peterson              support.employee.potomoc           letmein        Patrick.Peterson@rothcars.com.aetf
         paul_palmer                   support.employee.potomoc           letmein        Paul.Palmer@rothcars.com.aetf
         sarah_lewis                   support.employee.potomoc           letmein        Sarah.Lewis@rothcars.com.aetf
  
  
  SCUBAROO
    ADMIN
         amanda_cox                    admin.employee.scubaroo            letmein        Amanda.Cox@merriweatherfieldsnowe.com.aetf
         barbara_black                 admin.employee.scubaroo            letmein        Barbara.Black@merriweatherfieldsnowe.com.aetf
         betty_black                   admin.employee.scubaroo            letmein        Betty.Black@merriweatherfieldsnowe.com.aetf
         betty_ross                    admin.employee.scubaroo            letmein        Betty.Ross@merriweatherfieldsnowe.com.aetf
         carol_wood                    admin.employee.scubaroo            letmein        Carol.Wood@merriweatherfieldsnowe.com.aetf
         donna_bing                    admin.employee.scubaroo            letmein        Donna.Bing@merriweatherfieldsnowe.com.aetf
         julie_holmes                  admin.employee.scubaroo            letmein        Julie.Holmes@merriweatherfieldsnowe.com.aetf
         mark_evans                    admin.employee.scubaroo            letmein        Mark.Evans@merriweatherfieldsnowe.com.aetf
         martha_richardson             admin.employee.scubaroo            letmein        Martha.Richardson@merriweatherfieldsnowe.com.aetf
         mike_simmons                  admin.employee.scubaroo            letmein        Mike.Simmons@merriweatherfieldsnowe.com.aetf
         scott_jordan                  admin.employee.scubaroo            letmein        Scott.Jordan@merriweatherfieldsnowe.com.aetf
  
    FACTORY
         alice_simpson                 factory.employee.scubaroo          letmein        Alice.Simpson@merriweatherfieldsnowe.com.aetf
         amy_martinez                  factory.employee.scubaroo          letmein        Amy.Martinez@merriweatherfieldsnowe.com.aetf
         barbara_murphy                factory.employee.scubaroo          letmein        Barbara.Murphy@merriweatherfieldsnowe.com.aetf
         david_robinson                factory.employee.scubaroo          letmein        David.Robinson@merriweatherfieldsnowe.com.aetf
         heather_hunter                factory.employee.scubaroo          letmein        Heather.Hunter@merriweatherfieldsnowe.com.aetf
         helen_hunter                  factory.employee.scubaroo          letmein        Helen.Hunter@merriweatherfieldsnowe.com.aetf
         joyce_torres                  factory.employee.scubaroo          letmein        Joyce.Torres@merriweatherfieldsnowe.com.aetf
         linda_sullivan                factory.employee.scubaroo          letmein        Linda.Sullivan@merriweatherfieldsnowe.com.aetf
         melissa_cox                   factory.employee.scubaroo          letmein        Melissa.Cox@merriweatherfieldsnowe.com.aetf
         peter_lee                     factory.employee.scubaroo          letmein        Peter.Lee@merriweatherfieldsnowe.com.aetf
         scott_barnes                  factory.employee.scubaroo          letmein        Scott.Barnes@merriweatherfieldsnowe.com.aetf
  
    FIELD
         barbara_shaw                  field.employee.scubaroo            letmein        Barbara.Shaw@merriweatherfieldsnowe.com.aetf
         chris_lee                     field.employee.scubaroo            letmein        Chris.Lee@merriweatherfieldsnowe.com.aetf
         donald_moore                  field.employee.scubaroo            letmein        Donald.Moore@merriweatherfieldsnowe.com.aetf
         evelyn_barnes                 field.employee.scubaroo            letmein        Evelyn.Barnes@merriweatherfieldsnowe.com.aetf
         laura_sullivan                field.employee.scubaroo            letmein        Laura.Sullivan@merriweatherfieldsnowe.com.aetf
         margaret_palmer               field.employee.scubaroo            letmein        Margaret.Palmer@merriweatherfieldsnowe.com.aetf
         mark_carter                   field.employee.scubaroo            letmein        Mark.Carter@merriweatherfieldsnowe.com.aetf
         nancy_holmes                  field.employee.scubaroo            letmein        Nancy.Holmes@merriweatherfieldsnowe.com.aetf
         rebecca_hunter                field.employee.scubaroo            letmein        Rebecca.Hunter@merriweatherfieldsnowe.com.aetf
         susan_parker                  field.employee.scubaroo            letmein        Susan.Parker@merriweatherfieldsnowe.com.aetf
         susan_reynolds                field.employee.scubaroo            letmein        Susan.Reynolds@merriweatherfieldsnowe.com.aetf
  
    FINANCE
         amy_coleman                   finance.employee.scubaroo          letmein        Amy.Coleman@merriweatherfieldsnowe.com.aetf
         ann_hamilton                  finance.employee.scubaroo          letmein        Ann.Hamilton@merriweatherfieldsnowe.com.aetf
         barbara_peterson              finance.employee.scubaroo          letmein        Barbara.Peterson@merriweatherfieldsnowe.com.aetf
         barbara_spencer               finance.employee.scubaroo          letmein        Barbara.Spencer@merriweatherfieldsnowe.com.aetf
         jack_woods                    finance.employee.scubaroo          letmein        Jack.Woods@merriweatherfieldsnowe.com.aetf
         keith_washington              finance.employee.scubaroo          letmein        Keith.Washington@merriweatherfieldsnowe.com.aetf
         laura_jones                   finance.employee.scubaroo          letmein        Laura.Jones@merriweatherfieldsnowe.com.aetf
         lisa_baker                    finance.employee.scubaroo          letmein        Lisa.Baker@merriweatherfieldsnowe.com.aetf
         mary_murphy                   finance.employee.scubaroo          letmein        Mary.Murphy@merriweatherfieldsnowe.com.aetf
         nancy_roberts                 finance.employee.scubaroo          letmein        Nancy.Roberts@merriweatherfieldsnowe.com.aetf
         robert_nelson                 finance.employee.scubaroo          letmein        Robert.Nelson@merriweatherfieldsnowe.com.aetf
  
    HR
         alice_kennedy                 hr.employee.scubaroo               letmein        Alice.Kennedy@merriweatherfieldsnowe.com.aetf
         alice_ross                    hr.employee.scubaroo               letmein        Alice.Ross@merriweatherfieldsnowe.com.aetf
         amy_flores                    hr.employee.scubaroo               letmein        Amy.Flores@merriweatherfieldsnowe.com.aetf
         amy_ward                      hr.employee.scubaroo               letmein        Amy.Ward@merriweatherfieldsnowe.com.aetf
         carl_taylor                   hr.employee.scubaroo               letmein        Carl.Taylor@merriweatherfieldsnowe.com.aetf
         carol_gant                    hr.employee.scubaroo               letmein        Carol.Gant@merriweatherfieldsnowe.com.aetf
         donald_jenkins                hr.employee.scubaroo               letmein        Donald.Jenkins@merriweatherfieldsnowe.com.aetf
         evelyn_sullivan               hr.employee.scubaroo               letmein        Evelyn.Sullivan@merriweatherfieldsnowe.com.aetf
         joe_webbs                     hr.employee.scubaroo               letmein        Joe.Webbs@merriweatherfieldsnowe.com.aetf
         melissa_alexander             hr.employee.scubaroo               letmein        Melissa.Alexander@merriweatherfieldsnowe.com.aetf
         rebecca_henderson             hr.employee.scubaroo               letmein        Rebecca.Henderson@merriweatherfieldsnowe.com.aetf
  
    SALES
         alice_holmes                  sales.employee.scubaroo            letmein        Alice.Holmes@merriweatherfieldsnowe.com.aetf
         amanda_stevens                sales.employee.scubaroo            letmein        Amanda.Stevens@merriweatherfieldsnowe.com.aetf
         amy_woods                     sales.employee.scubaroo            letmein        Amy.Woods@merriweatherfieldsnowe.com.aetf
         ann_walker                    sales.employee.scubaroo            letmein        Ann.Walker@merriweatherfieldsnowe.com.aetf
         carol_moore                   sales.employee.scubaroo            letmein        Carol.Moore@merriweatherfieldsnowe.com.aetf
         diane_carter                  sales.employee.scubaroo            letmein        Diane.Carter@merriweatherfieldsnowe.com.aetf
         janet_gray                    sales.employee.scubaroo            letmein        Janet.Gray@merriweatherfieldsnowe.com.aetf
         julie_simmons                 sales.employee.scubaroo            letmein        Julie.Simmons@merriweatherfieldsnowe.com.aetf
         patrick_perry                 sales.employee.scubaroo            letmein        Patrick.Perry@merriweatherfieldsnowe.com.aetf
         richard_shaw                  sales.employee.scubaroo            letmein        Richard.Shaw@merriweatherfieldsnowe.com.aetf
         steve_rose                    sales.employee.scubaroo            letmein        Steve.Rose@merriweatherfieldsnowe.com.aetf
  
    SUPPORT
         amanda_flores                 support.employee.scubaroo          letmein        Amanda.Flores@merriweatherfieldsnowe.com.aetf
         amanda_kennedy                support.employee.scubaroo          letmein        Amanda.Kennedy@merriweatherfieldsnowe.com.aetf
         amy_peterson                  support.employee.scubaroo          letmein        Amy.Peterson@merriweatherfieldsnowe.com.aetf
         donald_burns                  support.employee.scubaroo          letmein        Donald.Burns@merriweatherfieldsnowe.com.aetf
         julie_coleman                 support.employee.scubaroo          letmein        Julie.Coleman@merriweatherfieldsnowe.com.aetf
         julie_parker                  support.employee.scubaroo          letmein        Julie.Parker@merriweatherfieldsnowe.com.aetf
         mark_jackson                  support.employee.scubaroo          letmein        Mark.Jackson@merriweatherfieldsnowe.com.aetf
         melissa_woods                 support.employee.scubaroo          letmein        Melissa.Woods@merriweatherfieldsnowe.com.aetf
         nancy_howard                  support.employee.scubaroo          letmein        Nancy.Howard@merriweatherfieldsnowe.com.aetf
         robert_lee                    support.employee.scubaroo          letmein        Robert.Lee@merriweatherfieldsnowe.com.aetf
         sarah_kennedy                 support.employee.scubaroo          letmein        Sarah.Kennedy@merriweatherfieldsnowe.com.aetf
  
  
  TOYOLA
    ADMIN
         amanda_miller                 admin.employee.toyola              letmein        Amanda.Miller@stillerinc.com.aetf
         ann_crawford                  admin.employee.toyola              letmein        Ann.Crawford@stillerinc.com.aetf
         betty_washington              admin.employee.toyola              letmein        Betty.Washington@stillerinc.com.aetf
         carol_lee                     admin.employee.toyola              letmein        Carol.Lee@stillerinc.com.aetf
         donna_tucker                  admin.employee.toyola              letmein        Donna.Tucker@stillerinc.com.aetf
         laura_patterson               admin.employee.toyola              letmein        Laura.Patterson@stillerinc.com.aetf
         mark_butler                   admin.employee.toyola              letmein        Mark.Butler@stillerinc.com.aetf
         martha_freeman                admin.employee.toyola              letmein        Martha.Freeman@stillerinc.com.aetf
         mike_henderson                admin.employee.toyola              letmein        Mike.Henderson@stillerinc.com.aetf
         rebecca_robertson             admin.employee.toyola              letmein        Rebecca.Robertson@stillerinc.com.aetf
         richard_crawford              admin.employee.toyola              letmein        Richard.Crawford@stillerinc.com.aetf
  
    FACTORY
         alice_kelly                   factory.employee.toyola            letmein        Alice.Kelly@stillerinc.com.aetf
         amy_myers                     factory.employee.toyola            letmein        Amy.Myers@stillerinc.com.aetf
         betty_simpson                 factory.employee.toyola            letmein        Betty.Simpson@stillerinc.com.aetf
         heather_moore                 factory.employee.toyola            letmein        Heather.Moore@stillerinc.com.aetf
         john_hunter                   factory.employee.toyola            letmein        John.Hunter@stillerinc.com.aetf
         kelly_woods                   factory.employee.toyola            letmein        Kelly.Woods@stillerinc.com.aetf
         larry_holmes                  factory.employee.toyola            letmein        Larry.Holmes@stillerinc.com.aetf
         martha_freeman                factory.employee.toyola            letmein        Martha.Freeman@stillerinc.com.aetf
         mary_nelson                   factory.employee.toyola            letmein        Mary.Nelson@stillerinc.com.aetf
         peter_kelly                   factory.employee.toyola            letmein        Peter.Kelly@stillerinc.com.aetf
         susan_carter                  factory.employee.toyola            letmein        Susan.Carter@stillerinc.com.aetf
  
    FIELD
         amy_gonzales                  field.employee.toyola              letmein        Amy.Gonzales@stillerinc.com.aetf
         barbara_hunter                field.employee.toyola              letmein        Barbara.Hunter@stillerinc.com.aetf
         barbara_jenkins               field.employee.toyola              letmein        Barbara.Jenkins@stillerinc.com.aetf
         carol_cox                     field.employee.toyola              letmein        Carol.Cox@stillerinc.com.aetf
         david_walker                  field.employee.toyola              letmein        David.Walker@stillerinc.com.aetf
         janet_gray                    field.employee.toyola              letmein        Janet.Gray@stillerinc.com.aetf
         keith_bing                    field.employee.toyola              letmein        Keith.Bing@stillerinc.com.aetf
         mark_flores                   field.employee.toyola              letmein        Mark.Flores@stillerinc.com.aetf
         mary_myers                    field.employee.toyola              letmein        Mary.Myers@stillerinc.com.aetf
         susan_graham                  field.employee.toyola              letmein        Susan.Graham@stillerinc.com.aetf
         susan_pierce                  field.employee.toyola              letmein        Susan.Pierce@stillerinc.com.aetf
  
    FINANCE
         amanda_harris                 finance.employee.toyola            letmein        Amanda.Harris@stillerinc.com.aetf
         carol_webbs                   finance.employee.toyola            letmein        Carol.Webbs@stillerinc.com.aetf
         chris_hughes                  finance.employee.toyola            letmein        Chris.Hughes@stillerinc.com.aetf
         jack_geller                   finance.employee.toyola            letmein        Jack.Geller@stillerinc.com.aetf
         kelly_alexander               finance.employee.toyola            letmein        Kelly.Alexander@stillerinc.com.aetf
         kelly_butler                  finance.employee.toyola            letmein        Kelly.Butler@stillerinc.com.aetf
         mary_peterson                 finance.employee.toyola            letmein        Mary.Peterson@stillerinc.com.aetf
         nancy_taylor                  finance.employee.toyola            letmein        Nancy.Taylor@stillerinc.com.aetf
         peter_evans                   finance.employee.toyola            letmein        Peter.Evans@stillerinc.com.aetf
         sarah_carter                  finance.employee.toyola            letmein        Sarah.Carter@stillerinc.com.aetf
         sarah_hayes                   finance.employee.toyola            letmein        Sarah.Hayes@stillerinc.com.aetf
  
    HR
         amy_long                      hr.employee.toyola                 letmein        Amy.Long@stillerinc.com.aetf
         carol_shaw                    hr.employee.toyola                 letmein        Carol.Shaw@stillerinc.com.aetf
         eric_bennet                   hr.employee.toyola                 letmein        Eric.Bennet@stillerinc.com.aetf
         keith_marshall                hr.employee.toyola                 letmein        Keith.Marshall@stillerinc.com.aetf
         kelly_coleman                 hr.employee.toyola                 letmein        Kelly.Coleman@stillerinc.com.aetf
         larry_robertson               hr.employee.toyola                 letmein        Larry.Robertson@stillerinc.com.aetf
         margaret_jones                hr.employee.toyola                 letmein        Margaret.Jones@stillerinc.com.aetf
         nancy_west                    hr.employee.toyola                 letmein        Nancy.West@stillerinc.com.aetf
         susan_cox                     hr.employee.toyola                 letmein        Susan.Cox@stillerinc.com.aetf
         susan_higgins                 hr.employee.toyola                 letmein        Susan.Higgins@stillerinc.com.aetf
         susan_watson                  hr.employee.toyola                 letmein        Susan.Watson@stillerinc.com.aetf
  
    SALES
         anthony_higgins               sales.employee.toyola              letmein        Anthony.Higgins@stillerinc.com.aetf
         arthur_richardson             sales.employee.toyola              letmein        Arthur.Richardson@stillerinc.com.aetf
         brenda_tuner                  sales.employee.toyola              letmein        Brenda.Tuner@stillerinc.com.aetf
         evelyn_palmer                 sales.employee.toyola              letmein        Evelyn.Palmer@stillerinc.com.aetf
         jessica_hughes                sales.employee.toyola              letmein        Jessica.Hughes@stillerinc.com.aetf
         joe_geller                    sales.employee.toyola              letmein        Joe.Geller@stillerinc.com.aetf
         joyce_ford                    sales.employee.toyola              letmein        Joyce.Ford@stillerinc.com.aetf
         julie_martinez                sales.employee.toyola              letmein        Julie.Martinez@stillerinc.com.aetf
         laura_sullivan                sales.employee.toyola              letmein        Laura.Sullivan@stillerinc.com.aetf
         martha_ward                   sales.employee.toyola              letmein        Martha.Ward@stillerinc.com.aetf
         nancy_parker                  sales.employee.toyola              letmein        Nancy.Parker@stillerinc.com.aetf
  
    SUPPORT
         ann_martin                    support.employee.toyola            letmein        Ann.Martin@stillerinc.com.aetf
         donna_rose                    support.employee.toyola            letmein        Donna.Rose@stillerinc.com.aetf
         evelyn_wagner                 support.employee.toyola            letmein        Evelyn.Wagner@stillerinc.com.aetf
         frank_ford                    support.employee.toyola            letmein        Frank.Ford@stillerinc.com.aetf
         frank_wallace                 support.employee.toyola            letmein        Frank.Wallace@stillerinc.com.aetf
         jessica_freeman               support.employee.toyola            letmein        Jessica.Freeman@stillerinc.com.aetf
         larry_roberts                 support.employee.toyola            letmein        Larry.Roberts@stillerinc.com.aetf
         laura_long                    support.employee.toyola            letmein        Laura.Long@stillerinc.com.aetf
         linda_collins                 support.employee.toyola            letmein        Linda.Collins@stillerinc.com.aetf
         nancy_ford                    support.employee.toyola            letmein        Nancy.Ford@stillerinc.com.aetf
         sarah_collins                 support.employee.toyola            letmein        Sarah.Collins@stillerinc.com.aetf
  
  
SYSTEM: 
  CHERY
         admin                         system.chery                       letmein
         factory                       system.chery                       letmein
         guest                         customer.chery                     letmein
         lob_manager                   system.chery                       letmein
  
  FJORD
         admin                         system.fjord                       letmein
         factory                       system.fjord                       letmein
         guest                         customer.fjord                     letmein
         lob_manager                   system.fjord                       letmein
  
  GENERICMOTORS
         admin                         system.genericmotors               letmein
         factory                       system.genericmotors               letmein
         lob_manager                   system.genericmotors               letmein
  
  H2OMOTORS
         admin                         system.h2omotors                   letmein
         factory                       system.h2omotors                   letmein
         lob_manager                   system.h2omotors                   letmein
  
  HINDA
         admin                         system.hinda                       letmein
         factory                       system.hinda                       letmein
         guest                         customer.hinda                     letmein
         lob_manager                   system.hinda                       letmein
  
  MOTORGROUPEAST
         admin                         system.motorgroupeast              letmein
         factory                       system.motorgroupeast              letmein
         lob_manager                   system.motorgroupeast              letmein
  
  POTOMOC
         admin                         system.potomoc                     letmein
         factory                       system.potomoc                     letmein
         guest                         customer.potomoc                   letmein
         lob_manager                   system.potomoc                     letmein
  
  SCUBAROO
         admin                         system.scubaroo                    letmein
         factory                       system.scubaroo                    letmein
         guest                         customer.scubaroo                  letmein
         lob_manager                   system.scubaroo                    letmein
  
  TOYOLA
         admin                         system.toyola                      letmein
         factory                       system.toyola                      letmein
         guest                         customer.toyola                    letmein
         lob_manager                   system.toyola                      letmein
  
